{"_runtime":6.9427465999999995,"precision":0.7635173726796763,"f1_score":0.7623882852106486,"_timestamp":1.7525475579438748e+09,"_step":1,"recall":0.7625,"confusion_matrix":{"_type":"image-file","sha256":"7bf1e583813263e5a1ad08a41d1df99f98c220b687bdf445afe529912bc11c87","size":15004,"path":"media/images/confusion_matrix_1_7bf1e583813263e5a1ad.png","format":"png","width":600,"height":500},"_wandb":{"runtime":7},"accuracy":0.7625}