{"_runtime":9.4006881,"_step":1,"confusion_matrix":{"size":15004,"path":"media/images/confusion_matrix_1_7bf1e583813263e5a1ad.png","format":"png","width":600,"height":500,"_type":"image-file","sha256":"7bf1e583813263e5a1ad08a41d1df99f98c220b687bdf445afe529912bc11c87"},"_wandb":{"runtime":9},"recall":0.7625,"accuracy":0.7625,"f1_score":0.7623882852106486,"precision":0.7635173726796763,"_timestamp":1.752547129093875e+09}